Date,Value
1/1/1915,19.25
2/1/1915,19.25
3/1/1915,19.25
4/1/1915,19.25
5/1/1915,19.25
6/1/1915,19.25
7/1/1915,19.25
8/1/1915,19.25
9/1/1915,19.25
10/1/1915,19.25
11/1/1915,19.25
12/1/1915,19.25
1/1/1916,19.47
2/1/1916,19.47
3/1/1916,19.47
4/1/1916,19.47
5/1/1916,19.47
6/1/1916,19.47
7/1/1916,19.47
8/1/1916,19.47
9/1/1916,19.47
10/1/1916,19.47
11/1/1916,19.47
12/1/1916,19.47
1/1/1917,19.66
2/1/1917,19.66
3/1/1917,19.66
4/1/1917,19.66
5/1/1917,19.66
6/1/1917,19.66
7/1/1917,19.66
8/1/1917,19.66
9/1/1917,19.66
10/1/1917,19.66
11/1/1917,19.66
12/1/1917,19.66
1/1/1918,19.84
2/1/1918,19.84
3/1/1918,19.84
4/1/1918,19.84
5/1/1918,19.84
6/1/1918,19.84
7/1/1918,19.84
8/1/1918,19.84
9/1/1918,19.84
10/1/1918,19.84
11/1/1918,19.84
12/1/1918,19.84
1/1/1919,20.03
2/1/1919,20.03
3/1/1919,20.03
4/1/1919,20.03
5/1/1919,20.03
6/1/1919,20.03
7/1/1919,20.03
8/1/1919,20.03
9/1/1919,20.03
10/1/1919,20.03
11/1/1919,20.03
12/1/1919,20.03
1/1/1920,20.63
2/1/1920,20.63
3/1/1920,20.63
4/1/1920,20.63
5/1/1920,20.63
6/1/1920,20.63
7/1/1920,20.63
8/1/1920,20.63
9/1/1920,20.63
10/1/1920,20.63
11/1/1920,20.63
12/1/1920,20.63
1/1/1921,20.69
2/1/1921,20.69
3/1/1921,20.69
4/1/1921,20.69
5/1/1921,20.69
6/1/1921,20.69
7/1/1921,20.69
8/1/1921,20.69
9/1/1921,20.69
10/1/1921,20.69
11/1/1921,20.69
12/1/1921,20.69
1/1/1922,20.84
2/1/1922,20.84
3/1/1922,20.84
4/1/1922,20.84
5/1/1922,20.84
6/1/1922,20.84
7/1/1922,20.84
8/1/1922,20.84
9/1/1922,20.84
10/1/1922,20.84
11/1/1922,20.84
12/1/1922,20.84
1/1/1923,20.75
2/1/1923,20.75
3/1/1923,20.75
4/1/1923,20.75
5/1/1923,20.75
6/1/1923,20.75
7/1/1923,20.75
8/1/1923,20.75
9/1/1923,20.75
10/1/1923,20.75
11/1/1923,20.75
12/1/1923,20.75
1/1/1924,20.78
2/1/1924,20.78
3/1/1924,20.78
4/1/1924,20.78
5/1/1924,20.78
6/1/1924,20.78
7/1/1924,20.78
8/1/1924,20.78
9/1/1924,20.78
10/1/1924,20.78
11/1/1924,20.78
12/1/1924,20.78
1/1/1925,20.75
2/1/1925,20.75
3/1/1925,20.75
4/1/1925,20.75
5/1/1925,20.75
6/1/1925,20.75
7/1/1925,20.75
8/1/1925,20.75
9/1/1925,20.75
10/1/1925,20.75
11/1/1925,20.75
12/1/1925,20.75
1/1/1926,20.72
2/1/1926,20.72
3/1/1926,20.72
4/1/1926,20.72
5/1/1926,20.72
6/1/1926,20.72
7/1/1926,20.72
8/1/1926,20.72
9/1/1926,20.72
10/1/1926,20.72
11/1/1926,20.72
12/1/1926,20.72
1/1/1927,20.75
2/1/1927,20.75
3/1/1927,20.75
4/1/1927,20.75
5/1/1927,20.75
6/1/1927,20.75
7/1/1927,20.75
8/1/1927,20.75
9/1/1927,20.75
10/1/1927,20.75
11/1/1927,20.75
12/1/1927,20.75
1/1/1928,20.78
2/1/1928,20.78
3/1/1928,20.78
4/1/1928,20.78
5/1/1928,20.78
6/1/1928,20.78
7/1/1928,20.78
8/1/1928,20.78
9/1/1928,20.78
10/1/1928,20.78
11/1/1928,20.78
12/1/1928,20.78
1/1/1929,20.72
2/1/1929,20.72
3/1/1929,20.72
4/1/1929,20.72
5/1/1929,20.72
6/1/1929,20.72
7/1/1929,20.72
8/1/1929,20.72
9/1/1929,20.72
10/1/1929,20.72
11/1/1929,20.72
12/1/1929,20.72
1/1/1930,20.69
2/1/1930,20.69
3/1/1930,20.69
4/1/1930,20.69
5/1/1930,20.69
6/1/1930,20.69
7/1/1930,20.69
8/1/1930,20.69
9/1/1930,20.69
10/1/1930,20.69
11/1/1930,20.69
12/1/1930,20.69
1/1/1931,22.59
2/1/1931,22.59
3/1/1931,22.59
4/1/1931,22.59
5/1/1931,22.59
6/1/1931,22.59
7/1/1931,22.59
8/1/1931,22.59
9/1/1931,22.59
10/1/1931,22.59
11/1/1931,22.59
12/1/1931,22.59
1/1/1932,20.78
2/1/1932,20.78
3/1/1932,20.78
4/1/1932,20.78
5/1/1932,20.78
6/1/1932,20.78
7/1/1932,20.78
8/1/1932,20.78
9/1/1932,20.78
10/1/1932,20.78
11/1/1932,20.78
12/1/1932,20.78
1/1/1933,26.47
2/1/1933,26.47
3/1/1933,26.47
4/1/1933,26.47
5/1/1933,26.47
6/1/1933,26.47
7/1/1933,26.47
8/1/1933,26.47
9/1/1933,26.47
10/1/1933,26.47
11/1/1933,26.47
12/1/1933,26.47
1/1/1934,35
2/1/1934,35
3/1/1934,35
4/1/1934,35
5/1/1934,35
6/1/1934,35
7/1/1934,35
8/1/1934,35
9/1/1934,35
10/1/1934,35
11/1/1934,35
12/1/1934,35
1/1/1935,35
2/1/1935,35
3/1/1935,35
4/1/1935,35
5/1/1935,35
6/1/1935,35
7/1/1935,35
8/1/1935,35
9/1/1935,35
10/1/1935,35
11/1/1935,35
12/1/1935,35
1/1/1936,35
2/1/1936,35
3/1/1936,35
4/1/1936,35
5/1/1936,35
6/1/1936,35
7/1/1936,35
8/1/1936,35
9/1/1936,35
10/1/1936,35
11/1/1936,35
12/1/1936,35
1/1/1937,35
2/1/1937,35
3/1/1937,35
4/1/1937,35
5/1/1937,35
6/1/1937,35
7/1/1937,35
8/1/1937,35
9/1/1937,35
10/1/1937,35
11/1/1937,35
12/1/1937,35
1/1/1938,35
2/1/1938,35
3/1/1938,35
4/1/1938,35
5/1/1938,35
6/1/1938,35
7/1/1938,35
8/1/1938,35
9/1/1938,35
10/1/1938,35
11/1/1938,35
12/1/1938,35
1/1/1939,34.69
2/1/1939,34.69
3/1/1939,34.69
4/1/1939,34.69
5/1/1939,34.69
6/1/1939,34.69
7/1/1939,34.69
8/1/1939,34.69
9/1/1939,34.69
10/1/1939,34.69
11/1/1939,34.69
12/1/1939,34.69
1/1/1940,34.06
2/1/1940,34.06
3/1/1940,34.06
4/1/1940,34.06
5/1/1940,34.06
6/1/1940,34.06
7/1/1940,34.06
8/1/1940,34.06
9/1/1940,34.06
10/1/1940,34.06
11/1/1940,34.06
12/1/1940,34.06
1/1/1941,34.06
2/1/1941,34.06
3/1/1941,34.06
4/1/1941,34.06
5/1/1941,34.06
6/1/1941,34.06
7/1/1941,34.06
8/1/1941,34.06
9/1/1941,34.06
10/1/1941,34.06
11/1/1941,34.06
12/1/1941,34.06
1/1/1942,34.06
2/1/1942,34.06
3/1/1942,34.06
4/1/1942,34.06
5/1/1942,34.06
6/1/1942,34.06
7/1/1942,34.06
8/1/1942,34.06
9/1/1942,34.06
10/1/1942,34.06
11/1/1942,34.06
12/1/1942,34.06
1/1/1943,34.06
2/1/1943,34.06
3/1/1943,34.06
4/1/1943,34.06
5/1/1943,34.06
6/1/1943,34.06
7/1/1943,34.06
8/1/1943,34.06
9/1/1943,34.06
10/1/1943,34.06
11/1/1943,34.06
12/1/1943,34.06
1/1/1944,34.06
2/1/1944,34.06
3/1/1944,34.06
4/1/1944,34.06
5/1/1944,34.06
6/1/1944,34.06
7/1/1944,34.06
8/1/1944,34.06
9/1/1944,34.06
10/1/1944,34.06
11/1/1944,34.06
12/1/1944,34.06
1/1/1945,35
2/1/1945,35
3/1/1945,35
4/1/1945,35
5/1/1945,35
6/1/1945,35
7/1/1945,35
8/1/1945,35
9/1/1945,35
10/1/1945,35
11/1/1945,35
12/1/1945,35
1/1/1946,35
2/1/1946,35
3/1/1946,35
4/1/1946,35
5/1/1946,35
6/1/1946,35
7/1/1946,35
8/1/1946,35
9/1/1946,35
10/1/1946,35
11/1/1946,35
12/1/1946,35
1/1/1947,35
2/1/1947,35
3/1/1947,35
4/1/1947,35
5/1/1947,35
6/1/1947,35
7/1/1947,35
8/1/1947,35
9/1/1947,35
10/1/1947,35
11/1/1947,35
12/1/1947,35
1/1/1948,35
2/1/1948,35
3/1/1948,35
4/1/1948,35
5/1/1948,35
6/1/1948,35
7/1/1948,35
8/1/1948,35
9/1/1948,35
10/1/1948,35
11/1/1948,35
12/1/1948,35
1/1/1949,31.88
2/1/1949,31.88
3/1/1949,31.88
4/1/1949,31.88
5/1/1949,31.88
6/1/1949,31.88
7/1/1949,31.88
8/1/1949,31.88
9/1/1949,31.88
10/1/1949,31.88
11/1/1949,31.88
12/1/1949,31.88
1/1/1950,35
2/1/1950,35
3/1/1950,35
4/1/1950,35
5/1/1950,35
6/1/1950,35
7/1/1950,35
8/1/1950,35
9/1/1950,35
10/1/1950,35
11/1/1950,35
12/1/1950,35
1/1/1951,35
2/1/1951,35
3/1/1951,35
4/1/1951,35
5/1/1951,35
6/1/1951,35
7/1/1951,35
8/1/1951,35
9/1/1951,35
10/1/1951,35
11/1/1951,35
12/1/1951,35
1/1/1952,34.69
2/1/1952,34.69
3/1/1952,34.69
4/1/1952,34.69
5/1/1952,34.69
6/1/1952,34.69
7/1/1952,34.69
8/1/1952,34.69
9/1/1952,34.69
10/1/1952,34.69
11/1/1952,34.69
12/1/1952,34.69
1/1/1953,35
2/1/1953,35
3/1/1953,35
4/1/1953,35
5/1/1953,35
6/1/1953,35
7/1/1953,35
8/1/1953,35
9/1/1953,35
10/1/1953,35
11/1/1953,35
12/1/1953,35
1/1/1954,35.31
2/1/1954,35.31
3/1/1954,35.31
4/1/1954,35.31
5/1/1954,35.31
6/1/1954,35.31
7/1/1954,35.31
8/1/1954,35.31
9/1/1954,35.31
10/1/1954,35.31
11/1/1954,35.31
12/1/1954,35.31
1/1/1955,35.31
2/1/1955,35.31
3/1/1955,35.31
4/1/1955,35.31
5/1/1955,35.31
6/1/1955,35.31
7/1/1955,35.31
8/1/1955,35.31
9/1/1955,35.31
10/1/1955,35.31
11/1/1955,35.31
12/1/1955,35.31
1/1/1956,35.31
2/1/1956,35.31
3/1/1956,35.31
4/1/1956,35.31
5/1/1956,35.31
6/1/1956,35.31
7/1/1956,35.31
8/1/1956,35.31
9/1/1956,35.31
10/1/1956,35.31
11/1/1956,35.31
12/1/1956,35.31
1/1/1957,35
2/1/1957,35
3/1/1957,35
4/1/1957,35
5/1/1957,35
6/1/1957,35
7/1/1957,35
8/1/1957,35
9/1/1957,35
10/1/1957,35
11/1/1957,35
12/1/1957,35
1/1/1958,35.31
2/1/1958,35.31
3/1/1958,35.31
4/1/1958,35.31
5/1/1958,35.31
6/1/1958,35.31
7/1/1958,35.31
8/1/1958,35.31
9/1/1958,35.31
10/1/1958,35.31
11/1/1958,35.31
12/1/1958,35.31
1/1/1959,35.31
2/1/1959,35.31
3/1/1959,35.31
4/1/1959,35.31
5/1/1959,35.31
6/1/1959,35.31
7/1/1959,35.31
8/1/1959,35.31
9/1/1959,35.31
10/1/1959,35.31
11/1/1959,35.31
12/1/1959,35.31
1/1/1960,35.31
2/1/1960,35.31
3/1/1960,35.31
4/1/1960,35.31
5/1/1960,35.31
6/1/1960,35.31
7/1/1960,35.31
8/1/1960,35.31
9/1/1960,35.31
10/1/1960,35.31
11/1/1960,35.31
12/1/1960,35.31
1/1/1961,35.31
2/1/1961,35.31
3/1/1961,35.31
4/1/1961,35.31
5/1/1961,35.31
6/1/1961,35.31
7/1/1961,35.31
8/1/1961,35.31
9/1/1961,35.31
10/1/1961,35.31
11/1/1961,35.31
12/1/1961,35.31
1/1/1962,35.31
2/1/1962,35.31
3/1/1962,35.31
4/1/1962,35.31
5/1/1962,35.31
6/1/1962,35.31
7/1/1962,35.31
8/1/1962,35.31
9/1/1962,35.31
10/1/1962,35.31
11/1/1962,35.31
12/1/1962,35.31
1/1/1963,35.31
2/1/1963,35.31
3/1/1963,35.31
4/1/1963,35.31
5/1/1963,35.31
6/1/1963,35.31
7/1/1963,35.31
8/1/1963,35.31
9/1/1963,35.31
10/1/1963,35.31
11/1/1963,35.31
12/1/1963,35.31
1/1/1964,35.31
2/1/1964,35.31
3/1/1964,35.31
4/1/1964,35.31
5/1/1964,35.31
6/1/1964,35.31
7/1/1964,35.31
8/1/1964,35.31
9/1/1964,35.31
10/1/1964,35.31
11/1/1964,35.31
12/1/1964,35.31
1/1/1965,35.31
2/1/1965,35.31
3/1/1965,35.31
4/1/1965,35.31
5/1/1965,35.31
6/1/1965,35.31
7/1/1965,35.31
8/1/1965,35.31
9/1/1965,35.31
10/1/1965,35.31
11/1/1965,35.31
12/1/1965,35.31
1/1/1966,35.31
2/1/1966,35.31
3/1/1966,35.31
4/1/1966,35.31
5/1/1966,35.31
6/1/1966,35.31
7/1/1966,35.31
8/1/1966,35.31
9/1/1966,35.31
10/1/1966,35.31
11/1/1966,35.31
12/1/1966,35.31
1/1/1967,35.31
2/1/1967,35.31
3/1/1967,35.31
4/1/1967,35.31
5/1/1967,35.31
6/1/1967,35.31
7/1/1967,35.31
8/1/1967,35.31
9/1/1967,35.31
10/1/1967,35.31
11/1/1967,35.31
12/1/1967,35.31
1/1/1968,40.31
2/1/1968,40.31
3/1/1968,40.31
4/1/1968,39.1
5/1/1968,42
6/1/1968,40.95
7/1/1968,38.9
8/1/1968,39.85
9/1/1968,39.7
10/1/1968,39.2
11/1/1968,39.85
12/1/1968,41.95
1/1/1969,42.55
2/1/1969,42.78
3/1/1969,43.1
4/1/1969,43.6
5/1/1969,43.15
6/1/1969,41.23
7/1/1969,41.45
8/1/1969,40.95
9/1/1969,40.65
10/1/1969,39.85
11/1/1969,35.55
12/1/1969,35.21
1/1/1970,34.98
2/1/1970,35
3/1/1970,35.3
4/1/1970,35.85
5/1/1970,35.5
6/1/1970,35.51
7/1/1970,35.29
8/1/1970,35.78
9/1/1970,36.24
10/1/1970,37.4
11/1/1970,37.6
12/1/1970,37.38
1/1/1971,38
2/1/1971,38.79
3/1/1971,38.8
4/1/1971,39.6
5/1/1971,40.8
6/1/1971,40.2
7/1/1971,42.48
8/1/1971,41
9/1/1971,42.48
10/1/1971,42.4
11/1/1971,43.55
12/1/1971,43.5
1/1/1972,46.95
2/1/1972,48.4
3/1/1972,48.38
4/1/1972,49.5
5/1/1972,59.3
6/1/1972,64.1
7/1/1972,68.9
8/1/1972,66.8
9/1/1972,64.1
10/1/1972,64.43
11/1/1972,63.6
12/1/1972,64.7
1/1/1973,66
2/1/1973,85.3
3/1/1973,90.25
4/1/1973,90.7
5/1/1973,114.5
6/1/1973,123.5
7/1/1973,115.2
8/1/1973,104
9/1/1973,100.25
10/1/1973,97.25
11/1/1973,100.25
12/1/1973,112.25
1/1/1974,133.25
2/1/1974,169.5
3/1/1974,173
4/1/1974,168.5
5/1/1974,156.5
6/1/1974,146.75
7/1/1974,154
8/1/1974,155.25
9/1/1974,147.5
10/1/1974,166.4
11/1/1974,182
12/1/1974,187.5
1/1/1975,176.25
2/1/1975,181.75
3/1/1975,177.75
4/1/1975,167.4
5/1/1975,167.75
6/1/1975,166
7/1/1975,166.4
8/1/1975,161.5
9/1/1975,138.25
10/1/1975,143.4
11/1/1975,138.25
12/1/1975,140.25
1/1/1976,128
2/1/1976,132.3
3/1/1976,129.5
4/1/1976,128.15
5/1/1976,125.25
6/1/1976,123.8
7/1/1976,112.4
8/1/1976,103.05
9/1/1976,116.1
10/1/1976,122.3
11/1/1976,130.1
12/1/1976,134.55
1/1/1977,132.1
2/1/1977,142.25
3/1/1977,149.8
4/1/1977,146.5
5/1/1977,143.2
6/1/1977,142.95
7/1/1977,144.5
8/1/1977,146
9/1/1977,153.9
10/1/1977,160.8
11/1/1977,159.8
12/1/1977,165.6
1/1/1978,175.2
2/1/1978,182
3/1/1978,180.75
4/1/1978,170
5/1/1978,184.9
6/1/1978,183.2
7/1/1978,198.9
8/1/1978,207.3
9/1/1978,217.45
10/1/1978,243.65
11/1/1978,193.7
12/1/1978,224.5
1/1/1979,233.05
2/1/1979,250.9
3/1/1979,239.65
4/1/1979,243.45
5/1/1979,277.15
6/1/1979,276.45
7/1/1979,295.35
8/1/1979,317.75
9/1/1979,397
10/1/1979,379.75
11/1/1979,417.2
12/1/1979,524
1/1/1980,668
2/1/1980,640
3/1/1980,503.25
4/1/1980,519.25
5/1/1980,531.4
6/1/1980,662.5
7/1/1980,618
8/1/1980,633.75
9/1/1980,670
10/1/1980,636
11/1/1980,621.5
12/1/1980,589.5
1/1/1981,507.5
2/1/1981,490.25
3/1/1981,514.25
4/1/1981,481
5/1/1981,478.75
6/1/1981,421.5
7/1/1981,405.25
8/1/1981,425.5
9/1/1981,426.5
10/1/1981,429
11/1/1981,415.5
12/1/1981,400
1/1/1982,388.25
2/1/1982,363.25
3/1/1982,320.5
4/1/1982,356.75
5/1/1982,325.5
6/1/1982,314
7/1/1982,342.5
8/1/1982,409.6
9/1/1982,394.75
10/1/1982,422
11/1/1982,428.25
12/1/1982,448
1/1/1983,503
2/1/1983,419.75
3/1/1983,414.25
4/1/1983,428.5
5/1/1983,439
6/1/1983,416.75
7/1/1983,422.25
8/1/1983,414.5
9/1/1983,404
10/1/1983,383.5
11/1/1983,405.75
12/1/1983,381.5
1/1/1984,371.9
2/1/1984,396.6
3/1/1984,388.5
4/1/1984,376.2
5/1/1984,383.45
6/1/1984,375.25
7/1/1984,341.6
8/1/1984,347.7
9/1/1984,344.15
10/1/1984,334.5
11/1/1984,328.6
12/1/1984,309
1/1/1985,304.9
2/1/1985,290.5
3/1/1985,329.8
4/1/1985,324.65
5/1/1985,313.15
6/1/1985,316.5
7/1/1985,328.1
8/1/1985,335.75
9/1/1985,326.5
10/1/1985,325.75
11/1/1985,327.4
12/1/1985,327
1/1/1986,354
2/1/1986,338.25
3/1/1986,345.5
4/1/1986,344.75
5/1/1986,343.35
6/1/1986,345.5
7/1/1986,357.75
8/1/1986,386
9/1/1986,421.2
10/1/1986,401.5
11/1/1986,390
12/1/1986,390.9
1/1/1987,407.3
2/1/1987,405.75
3/1/1987,419
4/1/1987,454.5
5/1/1987,451.75
6/1/1987,447.1
7/1/1987,464.25
8/1/1987,455.9
9/1/1987,459.15
10/1/1987,468
11/1/1987,493.9
12/1/1987,486.5
1/1/1988,465.25
2/1/1988,423.75
3/1/1988,458
4/1/1988,449.75
5/1/1988,454
6/1/1988,436.85
7/1/1988,432.7
8/1/1988,426.35
9/1/1988,396.15
10/1/1988,412.3
11/1/1988,421.3
12/1/1988,410.15
1/1/1989,394.85
2/1/1989,386.75
3/1/1989,382.3
4/1/1989,381.3
5/1/1989,363.5
6/1/1989,371.15
7/1/1989,369.1
8/1/1989,359.6
9/1/1989,369
10/1/1989,376.05
11/1/1989,406.8
12/1/1989,401
1/1/1990,417.55
2/1/1990,409.1
3/1/1990,372.2
4/1/1990,371.55
5/1/1990,363.7
6/1/1990,352.4
7/1/1990,371.1
8/1/1990,388.1
9/1/1990,406.1
10/1/1990,379.25
11/1/1990,384.8
12/1/1990,391
1/1/1991,369.6
2/1/1991,363
3/1/1991,354
4/1/1991,353.45
5/1/1991,361.55
6/1/1991,366.9
7/1/1991,363.6
8/1/1991,347
9/1/1991,350.5
10/1/1991,357.4
11/1/1991,366.85
12/1/1991,353.4
1/1/1992,354.15
2/1/1992,353.05
3/1/1992,341.5
4/1/1992,336.25
5/1/1992,337.55
6/1/1992,343.4
7/1/1992,357.95
8/1/1992,340.5
9/1/1992,349
10/1/1992,338.8
11/1/1992,333.7
12/1/1992,332.9
1/1/1993,330.75
2/1/1993,328.75
3/1/1993,336.9
4/1/1993,353.45
5/1/1993,381
6/1/1993,379
7/1/1993,403.7
8/1/1993,370.6
9/1/1993,352.65
10/1/1993,369.1
11/1/1993,370.8
12/1/1993,390.65
1/1/1994,378.2
2/1/1994,380.75
3/1/1994,389.7
4/1/1994,376.45
5/1/1994,386.25
6/1/1994,385.4
7/1/1994,384.05
8/1/1994,386.25
9/1/1994,395.35
10/1/1994,387.4
11/1/1994,383.35
12/1/1994,382.5
1/1/1995,375.85
2/1/1995,375.7
3/1/1995,386.55
4/1/1995,389.5
5/1/1995,384.25
6/1/1995,387.6
7/1/1995,383.35
8/1/1995,381.65
9/1/1995,383.75
10/1/1995,382.4
11/1/1995,387.85
12/1/1995,386.7
1/1/1996,403.2
2/1/1996,400.35
3/1/1996,396.7
4/1/1996,390.15
5/1/1996,390.55
6/1/1996,381.3
7/1/1996,385.5
8/1/1996,387.25
9/1/1996,379.3
10/1/1996,379.3
11/1/1996,371.9
12/1/1996,369.55
1/1/1997,345
2/1/1997,360.6
3/1/1997,349.5
4/1/1997,340.45
5/1/1997,345.75
6/1/1997,334.05
7/1/1997,326
8/1/1997,325.4
9/1/1997,328.75
10/1/1997,310.4
11/1/1997,296.9
12/1/1997,289.2
1/1/1998,301.8
2/1/1998,296.55
3/1/1998,299.9
4/1/1998,310.7
5/1/1998,292.4
6/1/1998,295.75
7/1/1998,289.4
8/1/1998,273.4
9/1/1998,294.1
10/1/1998,293.1
11/1/1998,295.75
12/1/1998,287.45
1/1/1999,285.65
2/1/1999,286.8
3/1/1999,279.8
4/1/1999,285.85
5/1/1999,271.05
6/1/1999,261.2
7/1/1999,256.75
8/1/1999,254.6
9/1/1999,303.75
10/1/1999,298.85
11/1/1999,292
12/1/1999,290.85
1/1/2000,283.05
2/1/2000,294
3/1/2000,275.9
4/1/2000,275.85
5/1/2000,272.25
6/1/2000,289.15
7/1/2000,277.4
8/1/2000,274.95
9/1/2000,274.1
10/1/2000,263.8
11/1/2000,267
12/1/2000,272.65
1/1/2001,266.2
2/1/2001,265
3/1/2001,259.05
4/1/2001,263.45
5/1/2001,266.1
6/1/2001,269.9
7/1/2001,265.55
8/1/2001,275.35
9/1/2001,290.85
10/1/2001,280.95
11/1/2001,274.7
12/1/2001,276.5
1/1/2002,281.5
2/1/2002,296.55
3/1/2002,303
4/1/2002,309.35
5/1/2002,327.25
6/1/2002,319.05
7/1/2002,305.5
8/1/2002,312.4
9/1/2002,322.4
10/1/2002,316.35
11/1/2002,318.25
12/1/2002,342.75
1/1/2003,370.35
2/1/2003,347.65
3/1/2003,335.35
4/1/2003,336
5/1/2003,365.8
6/1/2003,345.15
7/1/2003,355.75
8/1/2003,371
9/1/2003,384.5
10/1/2003,384.6
11/1/2003,398.1
12/1/2003,417.25
1/1/2004,401.3
2/1/2004,392.25
3/1/2004,423
4/1/2004,387.3
5/1/2004,393.85
6/1/2004,393.75
7/1/2004,389.6
8/1/2004,408.1
9/1/2004,412.35
10/1/2004,426.2
11/1/2004,452
12/1/2004,438
1/1/2005,423.8
2/1/2005,436.55
3/1/2005,427.5
4/1/2005,433.2
5/1/2005,416.9
6/1/2005,436.8
7/1/2005,427.15
8/1/2005,433
9/1/2005,473.4
10/1/2005,472.65
11/1/2005,493.8
12/1/2005,513
1/1/2006,569.8
2/1/2006,556.5
3/1/2006,584
4/1/2006,638.25
5/1/2006,654
6/1/2006,600.4
7/1/2006,637
8/1/2006,621.75
9/1/2006,601.75
10/1/2006,600.9
11/1/2006,638.4
12/1/2006,635.7
1/1/2007,645.75
2/1/2007,677
3/1/2007,663.5
4/1/2007,678
5/1/2007,656.6
6/1/2007,648.5
7/1/2007,666.75
8/1/2007,668
9/1/2007,737.75
10/1/2007,783
11/1/2007,794.75
12/1/2007,836.5
1/1/2008,923.75
2/1/2008,969
3/1/2008,937.25
4/1/2008,867.75
5/1/2008,879.5
6/1/2008,932.75
7/1/2008,912
8/1/2008,836.5
9/1/2008,897
10/1/2008,728.5
11/1/2008,813.5
12/1/2008,865
1/1/2009,918.5
2/1/2009,943.75
3/1/2009,918.5
4/1/2009,889
5/1/2009,972
6/1/2009,941
7/1/2009,936.5
8/1/2009,950.75
9/1/2009,1001.25
10/1/2009,1044.5
11/1/2009,1172
12/1/2009,1104
1/1/2010,1082.75
2/1/2010,1112.5
3/1/2010,1109.5
4/1/2010,1175.25
5/1/2010,1214
6/1/2010,1240.5
7/1/2010,1168
8/1/2010,1233.5
9/1/2010,1311
10/1/2010,1336.75
11/1/2010,1375
12/1/2010,1410.25
1/1/2011,1333.5
2/1/2011,1409.75
3/1/2011,1431
4/1/2011,1531
5/1/2011,1537
6/1/2011,1508
7/1/2011,1613.75
8/1/2011,1826
9/1/2011,1629
10/1/2011,1718
11/1/2011,1704
12/1/2011,1574.5
1/1/2012,1738
2/1/2012,1788
3/1/2012,1660.75
4/1/2012,1662.5
5/1/2012,1567.5
6/1/2012,1569.5
7/1/2012,1622.75
8/1/2012,1657.75
9/1/2012,1781
10/1/2012,1718
11/1/2012,1728.25
12/1/2012,1664
1/1/2013,1674.5
2/1/2013,1591
3/1/2013,1602.5
4/1/2013,1472.75
5/1/2013,1410.25
6/1/2013,1203.25
7/1/2013,1331.5
8/1/2013,1392.75
9/1/2013,1335.75
10/1/2013,1333.75
11/1/2013,1245.25
12/1/2013,1201.5
1/1/2014,1246.5
2/1/2014,1327.75
3/1/2014,1294
4/1/2014,1292
5/1/2014,1254
6/1/2014,1313
7/1/2014,1295
8/1/2014,1285.75
9/1/2014,1210
10/1/2014,1173.25
11/1/2014,1184.5
12/1/2014,1199.25
1/1/2015,1263.5
2/1/2015,1205
3/1/2015,1179.25
4/1/2015,1204.3
5/1/2015,1189.8
6/1/2015,1171.8
7/1/2015,1095.1
8/1/2015,1132.5
9/1/2015,1115.2
10/1/2015,1141.4
11/1/2015,1065.3
12/1/2015,1060.2
1/1/2016,1116.4
2/1/2016,1234.4
3/1/2016,1235.6
4/1/2016,1290.5
5/1/2016,1217.5
6/1/2016,1320.6
7/1/2016,1357.5
8/1/2016,1311.4
9/1/2016,1317.1
10/1/2016,1273.1
11/1/2016,1173.9
12/1/2016,1151.7
1/1/2017,1211.4
2/1/2017,1253.9
3/1/2017,1251.2
4/1/2017,1268.3
5/1/2017,1275.4
6/1/2017,1242.3
7/1/2017,1273.4
8/1/2017,1322.2
9/1/2017,1284.8
10/1/2017,1270.5
11/1/2017,1282.15
12/1/2017,1296.5
1/1/2018,1343.35
2/1/2018,1320.3
3/1/2018,1323.9
4/1/2018,1316.25
5/1/2018,1303.5
6/1/2018,1250.55
7/1/2018,1219.2
8/1/2018,1206.85
9/1/2018,1183.5
10/1/2018,1217.7
11/1/2018,1220.45
12/1/2018,1281.65
1/1/2019,1322.5
2/1/2019,1325.45
3/1/2019,1291.15
4/1/2019,1285.15
5/1/2019,1296
6/1/2019,1413.2
7/1/2019,1430.55
8/1/2019,1526.55
9/1/2019,1487.6
10/1/2019,1506.4
11/1/2019,1456.35
12/1/2019,1523
1/1/2020,1580.85
2/1/2020,1626.35
3/1/2020,1604.65
4/1/2020,1716.75
5/1/2020,1725.65
6/1/2020,1770.7
7/1/2020,1971.68
8/1/2020,1970.5
9/1/2020,1893.9
10/1/2020,1879.9
11/1/2020,1779.86
12/1/2020,1895.1
1/1/2021,1849.7
2/1/2021,1728.8
3/1/2021,1715.24
4/1/2021,1767.7
5/1/2021,1904.74
6/1/2021,1771.6
7/1/2021,1814.12
8/1/2021,1815.8
9/1/2021,1756.66
10/1/2021,1783.9
11/1/2021,1775.92
12/1/2021,1828.6
1/1/2022,1796.12
2/1/2022,1900.7
3/1/2022,1953.04
4/1/2022,1911.7
5/1/2022,1847.26
6/1/2022,1817.4548
7/1/2022,1766.4309
8/1/2022,1708.58
9/1/2022,1660.8799
10/1/2022,1632.38
11/1/2022,1768.61
12/1/2022,1824.3233
1/1/2023,1928.1201
2/1/2023,1826.7404
3/1/2023,1969.5459
4/1/2023,1990.6
5/1/2023,1965.2
6/1/2023,1919.5693
7/1/2023,1964.3387
8/1/2023,1939.8281
9/1/2023,1848.4898
10/1/2023,1984.0109
11/1/2023,2044.8957
12/1/2023,2062.9233
1/1/2024,2039.1538
2/1/2024,2044.1997
3/1/2024,2231.5551
4/1/2024,2285.9886
5/1/2024,2327.2836
6/1/2024,2326.7177
7/1/2024,2447.3573
8/1/2024,2503.3796
9/1/2024,2634.7649
10/1/2024,2746.7019
11/1/2024,2651.2196
12/1/2024,2624.603
1/1/2025,2798.1969
2/1/2025,2858.0493
3/1/2025,3123.0822
4/1/2025,3288.7814
5/1/2025,3289.5548
6/1/2025,3266.4101
7/1/2025,3285.7772
8/1/2025,3373.9558
9/1/2025,3586.6591